PublicIp,PrivateIpAddress,InstanceId,AssociationId,AllocationId
44.231.169.139,10.61.83.253,,eipassoc-0326c70e7b9e1defe,eipalloc-0e749f2b7012bb84b
44.231.189.189,10.61.81.250,,eipassoc-08ef29342abddf402,eipalloc-03dbeccc359d0993d
44.232.39.31,10.61.85.196,,eipassoc-0da0cfd3cc9ce9a32,eipalloc-0c8a555acc454a132
54.188.225.137,,,,eipalloc-0961ca3c584ad4f5a
54.245.104.111,,,,eipalloc-016c11cf5f96bcf67
44.227.252.136,10.62.37.141,,eipassoc-0ad3338f0253787fb,eipalloc-04d4960f1d1afc4e6
54.212.207.204,10.62.35.222,,eipassoc-0f1e37da5dd138cde,eipalloc-0abc96289c9f47a79
54.245.36.196,10.62.32.227,,eipassoc-0a1df02ff8bc46984,eipalloc-04211cf11371f882d
44.227.62.74,10.132.36.249,,eipassoc-0490177d484b38c4b,eipalloc-0f851e8657810c6a3
52.41.103.221,10.132.32.197,,eipassoc-07e92f59c2cf11a63,eipalloc-079152d8448b6eed9
54.188.34.192,10.132.35.47,,eipassoc-00aef4026bf910ede,eipalloc-0ad90b5357c5e3321
44.233.163.134,10.61.79.225,,eipassoc-0cc06d8dd4da6358d,eipalloc-016514e86afd39ed2
44.233.62.101,10.61.79.139,,eipassoc-014ed338818c94110,eipalloc-0c20b0b6818b3595f
50.112.101.143,10.61.79.116,,eipassoc-0375ebedcac653621,eipalloc-09c4662703b6cd3fe
34.216.237.52,10.68.15.208,,eipassoc-0bf3c6afd563093eb,eipalloc-0055ccd12ea370e28
54.191.89.36,10.68.15.94,,eipassoc-024bc5aaa18150d5c,eipalloc-08caebbf2a2e82621
54.69.149.24,10.68.15.106,,eipassoc-024521cc42c3e94f9,eipalloc-0bbd23bd400bc7a54
54.71.72.253,10.68.15.238,,eipassoc-0ce71b829da06e9e8,eipalloc-0426b1ac61fc3e90c
34.208.240.130,10.131.226.56,,eipassoc-0ea7c58665b2ad7d8,eipalloc-03e92cbe05207f07c
34.213.82.27,10.131.243.210,,eipassoc-00ec7b3933a346320,eipalloc-0767810f7be7189d2
34.218.215.23,10.133.31.198,,eipassoc-03dada3bde794b81c,eipalloc-09f78ab4ff5521801
35.155.38.229,10.131.226.133,,eipassoc-06474372fdae42545,eipalloc-0c4412f220b58f245
35.83.242.244,10.131.226.194,,eipassoc-0f01dcec2015bc78a,eipalloc-05306724aefe08b06
44.236.178.16,10.131.242.69,,eipassoc-020ef0c8fbbb01ad5,eipalloc-0e872de0329538517
44.240.30.163,10.131.242.164,,eipassoc-0e933ee7c13f12748,eipalloc-00bf47d0a90368bbb
52.10.233.15,10.133.31.230,,eipassoc-0c29059f24d04fc10,eipalloc-021e207fcb8bb5d05
52.27.228.167,10.131.227.141,,eipassoc-0d97df6b73d0a5839,eipalloc-015052a525116a460
52.27.87.191,10.133.31.82,,eipassoc-065652d81c223e7ab,eipalloc-0964d9a7436fa22e2
52.32.188.29,10.131.242.92,,eipassoc-077cfd7d31a42d73c,eipalloc-0ccb90485e277f4e9
52.35.124.31,10.133.47.202,,eipassoc-0d83c44afc7cf71f3,eipalloc-05e3c9336607a0c41
52.39.154.84,10.133.47.81,,eipassoc-0f5eec63cc1a1ef0f,eipalloc-000224c1df04d9861
52.41.117.124,10.133.47.236,,eipassoc-0fc549db3352451ac,eipalloc-0a8a53ba433dadb25
54.218.154.221,10.133.31.105,,eipassoc-0c180905ce079c15d,eipalloc-002afecdf2685394b
54.71.232.59,10.133.47.105,,eipassoc-0196b817bcdd9edaf,eipalloc-0ee8135ecac52110b
34.211.95.93,10.66.242.48,,eipassoc-0df9a00352d338910,eipalloc-0f5c5eb0b2aee1fd3
34.215.228.198,10.66.227.198,,eipassoc-0550d168d23725952,eipalloc-040b91ab312e93bde
35.166.125.94,10.66.224.152,i-028f1e66d82c29b7f,eipassoc-0f715fd1ca966ebab,eipalloc-036f8a15fca427097
52.35.28.44,10.66.226.90,,eipassoc-0d2af4b2a7edbc18e,eipalloc-0e635029090d57d8e
54.68.245.65,10.66.243.80,,eipassoc-07bf40b1b9b3ff18b,eipalloc-0ee5b49b555b6318e
52.10.187.3,10.63.227.135,,eipassoc-075f0a8e7b9d73fd6,eipalloc-0347102f209e92f4c
54.187.255.195,,,,eipalloc-0b99b22457ffd2031
54.214.96.35,,,,eipalloc-01bf3f9d2ab5c1386
54.68.88.29,10.63.243.15,,eipassoc-05107db42b5f1144a,eipalloc-0348c94102c2ea177
34.209.165.67,10.62.250.5,,eipassoc-08a69a3eee9e383db,eipalloc-00bdc3a11d270886d
34.213.247.158,10.62.0.229,,eipassoc-d0399c2f,eipalloc-05e0900e059e2ad3f
35.160.129.23,10.62.17.13,,eipassoc-07e0c11cd37ec709b,eipalloc-0a3a308097b560d33
35.165.99.149,10.62.18.229,,eipassoc-00a1eb6e9fc4f2c39,eipalloc-001127133acb9e122
44.229.98.74,10.62.250.101,,eipassoc-0cec61bd69879a47e,eipalloc-0ce64dc581f9f35fe
44.231.115.189,10.62.254.67,,eipassoc-07f97ef2ae8790183,eipalloc-0a89ff3946e03a4e6
44.231.120.179,10.62.255.6,,eipassoc-03a33fcd885feb273,eipalloc-0dc58a2d9d37991a4
44.232.19.207,10.62.251.63,,eipassoc-02714365604acf1c3,eipalloc-0e117f044a88842e2
44.232.254.77,10.62.254.121,,eipassoc-0739d60aa167a304c,eipalloc-0414e28aa155e483b
44.235.204.219,10.62.254.91,,eipassoc-01ab254c5d1e75e37,eipalloc-05b64736f853ea501
50.112.3.204,10.62.3.12,,eipassoc-a7fe116b,eipalloc-0e2d6e69f84be2cc2
52.24.130.130,10.62.250.112,,eipassoc-08655c5da22454c1e,eipalloc-0695bcf1851be2e8a
52.32.76.201,10.62.254.103,,eipassoc-07d9bba3b724ca56f,eipalloc-042ba2fc0eb13f20a
52.89.208.105,10.62.21.167,,eipassoc-06a5ae8a33f0a2198,eipalloc-0f4b8b9d393f5aeb2
54.188.72.6,10.62.250.95,,eipassoc-0b974a5fed6728f19,eipalloc-09ef6ff2c7f7e38a9
54.201.139.31,10.62.250.129,,eipassoc-07d4d984010f7c3ff,eipalloc-04504d8290840a49d
54.244.76.207,10.62.254.239,,eipassoc-054362189e6eeb8e6,eipalloc-03c4b820382b73d80
54.244.87.57,10.62.254.42,,eipassoc-01a5e600a85240093,eipalloc-01ee6d26049fd74e6
54.69.117.150,10.62.4.212,,eipassoc-fb757621,eipalloc-0ff60a182927fb189
54.70.21.58,10.62.250.227,,eipassoc-0e03b0351f449c7d9,eipalloc-0932588b32008a57e
34.209.38.215,10.132.18.137,,eipassoc-0b38315131da0a700,eipalloc-06b058b683ae41de6
35.155.248.176,10.132.17.14,,eipassoc-0ce39f4923de4c303,eipalloc-051e8d8fd2cf5a78d
35.163.199.165,10.132.20.126,,eipassoc-0ee2f94470ade3533,eipalloc-06c7c4259ed0c0223
52.35.96.38,10.132.3.134,,eipassoc-2c09d2d3,eipalloc-056d649065fbefa15
52.39.224.31,10.132.0.224,,eipassoc-224a4af8,eipalloc-09c2feff8820823c4
52.41.246.55,10.132.4.60,,eipassoc-53ae429f,eipalloc-0b72b6c2b269400f5
35.163.210.40,10.169.4.42,i-09968416fe3392025,eipassoc-c83b8434,eipalloc-2c6ecf10
52.39.154.8,10.169.3.56,,eipassoc-32ad3b48,eipalloc-c73439a0
52.39.69.119,10.169.9.148,,eipassoc-0216b26cbb3693d66,eipalloc-8d3538ea
54.201.35.53,10.169.1.103,i-00999a79ab68adbaf,eipassoc-6a258710,eipalloc-fb514199
54.201.67.78,10.169.4.241,i-09ea1c760d4c28873,eipassoc-dfb701a5,eipalloc-16101b74
13.56.196.36,,,,eipalloc-d0a871ed
13.56.45.215,10.60.8.222,,eipassoc-f44b922e,eipalloc-0cec27425d9ce55a9
52.53.119.126,10.60.120.43,,eipassoc-f218e1ce,eipalloc-055d483f
52.8.222.83,,,,eipalloc-921bc1af
52.9.243.98,,,,eipalloc-a4b56f99
54.153.29.9,10.60.110.199,,eipassoc-a01be29c,eipalloc-64594c5e
54.215.125.138,,,,eipalloc-5ab06a67
13.56.167.37,10.199.255.153,,eipassoc-cfde75f3,eipalloc-b8abb282
52.52.170.38,10.199.255.132,i-0da05e41972dae05d,eipassoc-1f863123,eipalloc-0e5a4134
52.52.192.108,10.199.254.159,,eipassoc-4dd17a71,eipalloc-95aab3af
52.52.249.8,10.199.254.132,i-047a6d3d79dc9d8d3,eipassoc-e8f141d4,eipalloc-6fa6be55
54.153.59.17,10.199.254.134,i-0c3b15a2c2afc8486,eipassoc-5b921d67,eipalloc-151bfd28
34.216.85.195,,,,eipalloc-0b1c031fcc85d49a8
35.164.124.230,10.132.64.254,,eipassoc-07af0ede114470cd7,eipalloc-0b93fb527b33bb30a
35.80.144.187,,,,eipalloc-0e851d3cc5d385be6
35.80.181.52,,,,eipalloc-0ea05b69d8e1afc35
35.83.23.116,,,,eipalloc-0f8a90f32817d6f68
44.227.145.44,,,,eipalloc-05da88c9ccb04cb37
44.229.229.64,,,,eipalloc-0dd184073b55f7335
44.234.139.214,,,,eipalloc-0608ef8231232c4cd
44.236.63.253,,,,eipalloc-01cb62b987560d85a
44.238.68.0,,,,eipalloc-07ce7ae55ac7f0eca
52.26.213.80,10.132.65.38,,eipassoc-03be6db001aef6dd8,eipalloc-0e5c3f846af9d97e5
52.39.117.16,,,,eipalloc-0cb2aa62d8e7b0fe1
52.40.77.119,10.132.64.200,,eipassoc-0db0882812b892b89,eipalloc-0b6aba2676a57f703
52.41.127.105,,,,eipalloc-09844774ca9cd64a5
54.188.37.8,,,,eipalloc-0d878ae7d08996448
35.164.124.230,10.132.64.254,,eipassoc-07af0ede114470cd7,eipalloc-0b93fb527b33bb30a
35.80.144.187,,,,eipalloc-0e851d3cc5d385be6
35.80.181.52,,,,eipalloc-0ea05b69d8e1afc35
35.83.23.116,,,,eipalloc-0f8a90f32817d6f68
44.227.145.44,,,,eipalloc-05da88c9ccb04cb37
44.229.229.64,,,,eipalloc-0dd184073b55f7335
44.234.139.214,,,,eipalloc-0608ef8231232c4cd
44.236.63.253,,,,eipalloc-01cb62b987560d85a
44.238.68.0,,,,eipalloc-07ce7ae55ac7f0eca
52.26.213.80,10.132.65.38,,eipassoc-03be6db001aef6dd8,eipalloc-0e5c3f846af9d97e5
52.39.117.16,,,,eipalloc-0cb2aa62d8e7b0fe1
52.40.77.119,10.132.64.200,,eipassoc-0db0882812b892b89,eipalloc-0b6aba2676a57f703
52.41.127.105,,,,eipalloc-09844774ca9cd64a5
54.188.37.8,,,,eipalloc-0d878ae7d08996448
